{
  "n_components": 2,
  "explained_variance_ratio": [
    0.6069179629224593,
    0.14107480821609694
  ],
  "coords": [
    [
      -11.459441846594117,
      -0.7715112220438618
    ],
    [
      -12.169461802935116,
      -1.2243206866435485
    ],
    [
      -11.409779457839996,
      -1.3596535523268516
    ],
    [
      -11.692707933542696,
      -1.4217778476381477
    ],
    [
      -9.907879325196786,
      -1.3621424555614967
    ],
    [
      -11.064764939477389,
      -1.5884641664618602
    ],
    [
      -11.912230264258945,
      -1.4816968525505285
    ],
    [
      22.25152106214346,
      -7.652906877717947
    ],
    [
      24.33704684136374,
      -7.935288177040195
    ],
    [
      25.649250047559757,
      -7.504162241813491
    ],
    [
      -9.255497936949387,
      -1.8578803724461899
    ],
    [
      -13.471955359624216,
      -1.4964769638146103
    ],
    [
      9.003111400902668,
      -5.414689965236887
    ],
    [
      9.849694117801073,
      -5.211053746305942
    ],
    [
      9.118358778977695,
      -5.399353252595795
    ],
    [
      -11.962038132897103,
      -1.3477862118825614
    ],
    [
      -12.052458362923195,
      -1.165571680510019
    ],
    [
      -1.850628094707929,
      1.247596032759548
    ],
    [
      2.148393460229373,
      1.3316802250306452
    ],
    [
      2.927457144786444,
      1.0961945520803849
    ],
    [
      -7.9284191558183705,
      -1.1707584218556661
    ],
    [
      -8.838402081685485,
      -1.1047795265850544
    ],
    [
      113.05887622993578,
      -17.701702853332403
    ],
    [
      112.10624983942739,
      -19.370661311902197
    ],
    [
      114.62880747937066,
      -18.254902174986263
    ],
    [
      23.38596297896384,
      -7.289258151865711
    ],
    [
      -1.6992720588177945,
      -2.5094828186996985
    ],
    [
      38.8507003080876,
      54.78807677359821
    ],
    [
      39.67966977245756,
      55.483123663300695
    ],
    [
      42.18706013248903,
      57.15468189860861
    ],
    [
      5.550221966815054,
      12.983520605652219
    ],
    [
      -9.498553802578707,
      1.26114982974022
    ],
    [
      -10.880803831032246,
      -0.38218709291654046
    ],
    [
      -8.625228013340465,
      -0.324333592565915
    ],
    [
      -7.153206538991056,
      -0.953893046598459
    ],
    [
      -10.912057697047182,
      -1.2633802901565685
    ],
    [
      -10.914945835162705,
      -1.1928837335326292
    ],
    [
      -13.13578569498906,
      -1.4463956137433454
    ],
    [
      -13.39023615815103,
      -1.4246544075284795
    ],
    [
      -12.063957332796015,
      -1.4347085713909944
    ],
    [
      -13.140054764085534,
      -0.6051708939746656
    ],
    [
      0.8276516332815566,
      -5.577068933990278
    ],
    [
      0.5322553195516518,
      -6.205109290944899
    ],
    [
      1.668396635606378,
      -6.0821750333277
    ],
    [
      -12.66741439203476,
      -1.195927841805209
    ],
    [
      -13.995983351409702,
      -1.2723807359793593
    ],
    [
      12.913332082164676,
      29.74272988214746
    ],
    [
      14.276970931767858,
      30.084803549001283
    ],
    [
      14.859617592145286,
      30.34011210446346
    ],
    [
      -9.4802182353338,
      2.429094743751801
    ],
    [
      -12.348104191953786,
      -0.3472005530772786
    ],
    [
      -12.544250014794706,
      -0.6868318146168156
    ],
    [
      -13.3401216470793,
      -1.2705457054509623
    ],
    [
      -12.781047392010027,
      -1.5800552621065287
    ],
    [
      -10.45563048445576,
      -1.2113329880235788
    ],
    [
      -8.244875683880977,
      -2.1873223868167644
    ],
    [
      -1.5925624329139036,
      -3.576863072448589
    ],
    [
      -1.039264626261775,
      -3.7627604571003137
    ],
    [
      -10.994261999608044,
      -1.3317386103578284
    ],
    [
      -14.155673694116556,
      -1.1391219455389991
    ],
    [
      -9.491420901269931,
      -2.865150030390018
    ],
    [
      -9.225906923190832,
      -3.114457240507872
    ],
    [
      -7.864300071953779,
      -3.2672235111146253
    ],
    [
      -11.38730947734993,
      -1.4162932422846801
    ],
    [
      -11.509201846473632,
      -1.6673900518617013
    ],
    [
      2.3514677372643638,
      18.817879155287546
    ],
    [
      3.94092919148975,
      19.6109789884688
    ],
    [
      4.7182082496534345,
      19.089674805950303
    ],
    [
      -11.864734216586104,
      0.6046495522338223
    ],
    [
      -14.309012012645818,
      -1.0106695325463924
    ],
    [
      -1.0847051849203067,
      -5.947223494467281
    ],
    [
      2.519527537190401,
      -6.321012845221528
    ],
    [
      7.900169383478765,
      -7.381493814463486
    ],
    [
      -8.292506829938423,
      -1.358928055219677
    ],
    [
      -11.176894530882866,
      -1.1416529407222253
    ],
    [
      -11.983038618768473,
      -1.3989728203870517
    ],
    [
      -11.569675642548182,
      -1.6631349447499215
    ],
    [
      -13.586680587953959,
      -1.619172904496206
    ],
    [
      -14.152841697458312,
      -1.556837335169305
    ],
    [
      -14.7557924349502,
      -1.7012117713244923
    ],
    [
      -13.337787877340409,
      -1.6396408335652106
    ],
    [
      -10.136471752973625,
      -1.7055975280498292
    ],
    [
      -9.925896094181079,
      -1.6745893490400305
    ],
    [
      -14.8549578233151,
      -1.5130128251340071
    ],
    [
      -13.814460605579338,
      -1.5157322433479037
    ],
    [
      -12.63150321403505,
      -1.7244028473465192
    ],
    [
      90.00485117564965,
      -16.25299879366705
    ],
    [
      85.56440469734417,
      -17.50809993794105
    ],
    [
      89.72234361097856,
      -16.834159277980454
    ],
    [
      10.790646584438713,
      -5.710159743557713
    ],
    [
      -4.415744608865327,
      -2.130712569011747
    ],
    [
      24.829438597309412,
      42.098758099808045
    ],
    [
      26.029338858465994,
      43.06277217134808
    ],
    [
      25.813090075388565,
      42.693958819966106
    ],
    [
      -4.631234512853984,
      5.927135221345419
    ],
    [
      -11.425520163062222,
      0.12757636998683133
    ],
    [
      -3.127942385314519,
      11.605107747748912
    ],
    [
      -2.2655499876940057,
      12.115502750182998
    ],
    [
      -0.8460908574220681,
      11.96645578781599
    ],
    [
      -10.952938394530818,
      -0.09972054620182573
    ],
    [
      -11.447864095759671,
      -1.2582194681808785
    ],
    [
      -12.183665449620161,
      -1.7646636065511052
    ],
    [
      -10.37664430235967,
      -1.7960983656127172
    ],
    [
      -10.781061332220082,
      -2.1762769546109584
    ],
    [
      -12.28099294211126,
      -1.3153173502205104
    ],
    [
      -12.110704670402162,
      -1.2439584005036703
    ],
    [
      4.265526566095312,
      -10.026746105194007
    ],
    [
      6.503402417270523,
      -10.477865201380716
    ],
    [
      7.418926704260817,
      -10.507376738794802
    ],
    [
      -1.6347037616732027,
      -2.6960850707926918
    ],
    [
      -6.543299682492296,
      -1.6618853335196995
    ],
    [
      -13.02307132252245,
      -1.7068348821709538
    ],
    [
      -12.986345139823602,
      -1.8570689818473898
    ],
    [
      -13.04024154219382,
      -1.8608542875952123
    ],
    [
      -10.871813659501852,
      -1.3535078135075003
    ],
    [
      -13.731736045896207,
      -1.8214113697238556
    ],
    [
      -14.299338156904167,
      -2.206584080410793
    ],
    [
      -13.219744521402905,
      -2.077293414879682
    ],
    [
      -10.510956199358962,
      -1.6722800595271037
    ],
    [
      -9.79704838449509,
      -1.7285392832040103
    ],
    [
      25.581397621976354,
      -15.963360841597833
    ],
    [
      25.820076222410737,
      -15.643279931348891
