{
  "n_components": 2,
  "explained_variance_ratio_before": [
    0.22049970908980435,
    0.0487753854316656
  ],
  "explained_variance_ratio_after": [
    0.22049970908980435,
    0.0487753854316656
  ],
  "explained_variance_total_before": 0.2692750945214699,
  "explained_variance_total_after": 0.2692750945214699,
  "color_by": "group_label",
  "placeholder_after_used": true
}