{
  "n_components": 2,
  "explained_variance_ratio_before": [
    0.5815813640663482,
    0.18073927844637533
  ],
  "explained_variance_ratio_after": [
    0.5815813640663482,
    0.18073927844637533
  ],
  "explained_variance_total_before": 0.7623206425127236,
  "explained_variance_total_after": 0.7623206425127236,
  "color_by": "group_label",
  "placeholder_after_used": true
}