method,n_samples,n_features,silhouette_batch_id_pc12,silhouette_group_label_pc12,batch_centroid_separation_pc12
baseline,1715,1180,-0.034326375188499764,-0.44645361188535243,1.860988988154534e-14
knn,1715,1180,-0.14537108991534736,-0.48227251845726504,5.3780086931298205
mean,1715,1180,-0.14543833751969998,-0.4813968947950298,5.413495158621205
median,1715,1180,-0.14534264673617178,-0.4817176622268009,5.424366693251707
