method,method_internal,n_samples,n_features,silhouette_batch_id_pc12,silhouette_group_label_pc12,batch_centroid_separation_pc12
baseline,baseline,1715,1180,-0.034335444567099346,-0.4464628369315389,1.770782238956729e-14
combat-like,combat,1715,1180,-0.03433453197404732,-0.44646390351593457,1.949678648735593e-14
knn,knn,1715,1180,-0.14568118418380313,-0.4818191686245557,5.402939220020154
mean,mean,1715,1180,-0.14550947376833678,-0.4815453449653387,5.414413970814809
median,median,1715,1180,-0.14499718303074832,-0.48134124836996056,5.438468893708165
