{
  "n_components": 2,
  "explained_variance_ratio": [
    0.5625257269489237,
    0.15498033000081055
  ],
  "coords": [
    [
      -7.79099145520026,
      -0.28325782312569
    ],
    [
      -9.834377726172507,
      1.3928058047782543
    ],
    [
      -12.61854947583336,
      0.6467786256035549
    ],
    [
      -7.018758251567102,
      1.1845655432317013
    ],
    [
      -9.546008546610159,
      0.5178371571124156
    ],
    [
      -10.326212901997103,
      0.11788071549529064
    ],
    [
      -10.293520453450773,
      0.09279826779213265
    ],
    [
      -6.750098579134763,
      -0.7614222250031634
    ],
    [
      -6.498812123313097,
      -0.8544914151913207
    ],
    [
      -2.348424346032596,
      -0.898141787844705
    ],
    [
      -7.75817011717934,
      -0.6085537922240983
    ],
    [
      -2.7427101266593374,
      -1.1170499079804794
    ],
    [
      6.503662697768593,
      18.398660003388713
    ],
    [
      12.814997101154137,
      17.312897204859357
    ],
    [
      16.530712569295986,
      16.59972084419039
    ],
    [
      -7.100087705266144,
      1.0390631468452922
    ],
    [
      -12.04688552524963,
      0.6901027591118167
    ],
    [
      18.821491019298016,
      -17.752010787434248
    ],
    [
      24.838359786868285,
      -18.21156089566882
    ],
    [
      23.512581450175183,
      -18.356564121825922
    ],
    [
      -6.925185356069694,
      -1.6566366184475434
    ],
    [
      -8.829310461383377,
      -0.6881306628463828
    ],
    [
      -10.545405647180639,
      -0.12031328916948203
    ],
    [
      -10.82068445027526,
      -0.37889570866260586
    ],
    [
      -6.8432595149773086,
      -0.9793240771415915
    ],
    [
      -11.61460863802478,
      0.04118539609974763
    ],
    [
      -10.302724657333876,
      0.1316090735075504
    ],
    [
      40.73397352005341,
      -33.57250460734438
    ],
    [
      46.56096609623147,
      -35.59293962847595
    ],
    [
      44.956829346790705,
      -34.72248629999286
    ],
    [
      3.2129874563850414,
      -6.024079804310077
    ],
    [
      -9.278106354919778,
      -1.2709753883663288
    ],
    [
      13.205137083286083,
      -25.06077390131059
    ],
    [
      19.094310996769348,
      -27.496058290540912
    ],
    [
      24.880373835839645,
      -29.64905406664934
    ],
    [
      3.2588877132421508,
      -5.832431947647565
    ],
    [
      -4.167384286256395,
      -1.58907437159442
    ],
    [
      5.599668794549315,
      -10.486571731444032
    ],
    [
      14.240675204864967,
      -11.501427508711329
    ],
    [
      13.175144753260444,
      -10.439464420735689
    ],
    [
      -7.931442023752194,
      -0.7091574348944675
    ],
    [
      -11.42339862231652,
      -0.1395222497626281
    ],
    [
      16.945637931542684,
      -5.826651055324281
    ],
    [
      20.88345093012526,
      -6.261866901537842
    ],
    [
      24.062303410891918,
      -5.9324605827915935
    ],
    [
      -9.794746774562233,
      -0.06307279520282028
    ],
    [
      -12.006150960924542,
      0.6156107920684886
    ],
    [
      -4.935188625435838,
      -2.64487526502679
    ],
    [
      -5.81012860870821,
      -3.193898514669498
    ],
    [
      -2.1132583534592673,
      -3.6506121835662317
    ],
    [
      -12.524638976374094,
      0.03044349076583126
    ],
    [
      -9.761118300737749,
      0.034180838032683944
    ],
    [
      -11.767610205524164,
      -0.19183617531896374
    ],
    [
      -10.673404041362003,
      -0.11026204993848504
    ],
    [
      -10.797933218335148,
      -0.49698726393534964
    ],
    [
      -12.52946086591006,
      0.15363687022246636
    ],
    [
      -13.655556555745724,
      0.3656797206685494
    ],
    [
      -13.948475004634469,
      0.4739710070235766
    ],
    [
      -13.41509221852665,
      0.12032104930962412
    ],
    [
      -10.699574486621266,
      -0.08713822310581373
    ],
    [
      -14.857595268327183,
      0.733252013860955
    ],
    [
      -13.83034560487248,
      0.8525194052759913
    ],
    [
      5.003063321002567,
      -3.665978768201445
    ],
    [
      6.520274339155288,
      -3.5272931351700647
    ],
    [
      8.204616171249562,
      -3.4309681976786552
    ],
    [
      -11.45475737564394,
      0.22582190951201914
    ],
    [
      -13.378216528205597,
      0.5142735605032983
    ],
    [
      -13.992908129515987,
      0.18019711511383055
    ],
    [
      -13.143328894891741,
      0.18710003053798482
    ],
    [
      -8.163156595090898,
      -0.058413409888678325
    ],
    [
      -12.589454239160954,
      0.2878372272206257
    ],
    [
      -13.224762375568064,
      0.39565104544449825
    ],
    [
      -14.404240710922249,
      0.331777264561544
    ],
    [
      -13.262047975903338,
      0.2393301125211589
    ],
    [
      -11.438417964810057,
      0.09810423053819906
    ],
    [
      -14.502532971563966,
      0.2913422452935967
    ],
    [
      -14.137572964893176,
      1.0883130637474778
    ],
    [
      -7.2010893290091476,
      7.7119498477686
    ],
    [
      -5.057151518692506,
      7.141412837872976
    ],
    [
      -3.1131722125155825,
      7.190434039819216
    ],
    [
      -14.883862327958292,
      1.3279310925671206
    ],
    [
      -12.038754870433758,
      0.1914211666679204
    ],
    [
      -13.489293033872732,
      1.0075664581194523
    ],
    [
      -14.311434243547422,
      0.6183574646951729
    ],
    [
      -14.015783665125557,
      0.6525478709692994
    ],
    [
      -13.449964923238998,
      0.570420073166591
    ],
    [
      -13.52443958321218,
      0.5102021714731411
    ],
    [
      -3.3178408139937465,
      -2.009256184169933
    ],
    [
      -1.564223274746396,
      -1.7521047406232773
    ],
    [
      -1.208981619218819,
      -1.6688205123610342
    ],
    [
      -13.03855380393272,
      0.7430799639893663
    ],
    [
      -13.40311111386421,
      0.5913480035232617
    ],
    [
      -13.883583085484162,
      0.7083223391810735
    ],
    [
      -13.670400730220772,
      0.46383089304738045
    ],
    [
      -7.541262827832546,
      -0.08978078011364421
    ],
    [
      -12.822962427146727,
      0.5724119340157573
    ],
    [
      -11.517140277412366,
      0.6723454695377551
    ],
    [
      47.16184799590108,
      58.041472724515266
    ],
    [
      50.4834452864739,
      59.71352236794184
    ],
    [
      51.376034789992794,
      60.137673811729286
    ],
    [
      0.8560851743474919,
      12.094169334066988
    ],
    [
      -9.86994202252681,
      3.3855244316641824
    ],
    [
      -3.6418275610319997,
      -2.566586142584412
    ],
    [
      -4.154170464241571,
      -2.65760125414634
    ],
    [
      -3.476053860418077,
      -2.5506754104149327
    ],
    [
      -13.154499364051253,
      0.588834722329214
    ],
    [
      -14.271415195034747,
      1.0906231033213027
    ],
    [
      28.063582845369126,
      40.55719546366808
    ],
    [
      30.52988902597227,
      41.74975963475979
    ],
    [
      32.82569289319878,
      43.53839203019391
    ],
    [
      -8.691647800691475,
      5.3697906005792735
    ],
    [
      -11.32001000896268,
      1.5787555434494378
    ],
    [
      -14.190506452384907,
      1.3449118414245316
    ],
    [
      -14.583450400451152,
      1.1515194467714671
    ],
    [
      -12.48588056918477,
      0.8091199533301717
    ],
    [
      -13.582736193652515,
      0.8963854847825341
    ],
    [
      -13.830990549507828,
      0.8105044974533661
    ],
    [
      -9.158531753522634,
      -1.336467610234421
    ],
    [
      -8.931209808429463,
      -1.402839037090659
    ],
    [
      -0.3612749596809276,
      -1.7932023863651794
    ],
    [
      -12.833420899721887,
      0.5550168675555598
    ],
    [
      -13.77663293196761,
      0.5313956271538384
    ],
