{
  "n_components": 2,
  "explained_variance_ratio_before": [
    0.5754543877690416,
    0.16067785677453417
  ],
  "explained_variance_ratio_after": [
    0.5754543877690416,
    0.16067785677453417
  ],
  "explained_variance_total_before": 0.7361322445435757,
  "explained_variance_total_after": 0.7361322445435757,
  "color_by": "group_label",
  "placeholder_after_used": true
}