{
  "n_components": 2,
  "explained_variance_ratio": [
    0.5754543877690416,
    0.16067785677453417
  ],
  "coords": [
    [
      -13.398177766697957,
      1.9687147274042065
    ],
    [
      -13.92113417884321,
      1.4646899887433296
    ],
    [
      -13.634940798586204,
      1.3716470109317822
    ],
    [
      -13.570593139822794,
      1.3860811122178889
    ],
    [
      -13.891319160822317,
      1.7290214352059206
    ],
    [
      -13.88961035145926,
      1.6063326354108949
    ],
    [
      -14.313548541578475,
      1.5079459309986214
    ],
    [
      -13.78292283906043,
      1.0763330343668065
    ],
    [
      -13.555848832921802,
      0.7837808938233601
    ],
    [
      -12.426113747883257,
      0.6836359329036302
    ],
    [
      -13.551479772638952,
      1.2909355913758414
    ],
    [
      -14.170802003816442,
      1.3216738760819327
    ],
    [
      -12.64713955592816,
      1.0314730888358254
    ],
    [
      -11.763161981383298,
      1.0561951889582628
    ],
    [
      -11.170820471525023,
      1.018615693800081
    ],
    [
      -13.441998181000582,
      1.634452653843342
    ],
    [
      -13.977985057256172,
      1.6301706956493924
    ],
    [
      -10.846692365263618,
      0.3563569160622561
    ],
    [
      -10.266148973647837,
      0.048067694093947046
    ],
    [
      -8.338678565141745,
      0.3054726926003106
    ],
    [
      -13.580258980172566,
      1.0817980206541158
    ],
    [
      -11.983942617214938,
      0.3506598587541087
    ],
    [
      -11.324927122141377,
      0.3348165647460255
    ],
    [
      -11.14244681770175,
      0.19664814071131995
    ],
    [
      -13.479613156900212,
      1.016919314494799
    ],
    [
      -5.954979718846007,
      -0.5970045790360022
    ],
    [
      -4.945594754010497,
      -0.9613671454989473
    ],
    [
      -3.907212041986297,
      -1.2004320437635358
    ],
    [
      -12.499232972338987,
      0.6277243252967448
    ],
    [
      -8.420616924502825,
      -0.40089653644278506
    ],
    [
      -7.760465529400629,
      -0.13407897529719479
    ],
    [
      -7.295542407448095,
      -0.32649287668355054
    ],
    [
      -12.1821669898108,
      0.7959633338673278
    ],
    [
      -12.583350962518088,
      0.5872631775535875
    ],
    [
      -12.89469823994818,
      0.6586282660463352
    ],
    [
      -11.118210204271534,
      0.5187632776359704
    ],
    [
      -13.499193989117977,
      1.0789223733677935
    ],
    [
      -4.857488647019823,
      10.068078936449995
    ],
    [
      -3.3146685465021393,
      10.878663690334166
    ],
    [
      -3.0230487308995255,
      10.683717881296522
    ],
    [
      -12.344763373574429,
      2.783800876303109
    ],
    [
      -13.701189253198667,
      1.5393331739782257
    ],
    [
      -9.032775651307375,
      -1.8797645567966874
    ],
    [
      -8.286914486784067,
      -2.1095354309198355
    ],
    [
      -7.741900639552643,
      -2.3265416482596497
    ],
    [
      -12.864551686997485,
      0.713700694879969
    ],
    [
      -13.74250123034693,
      1.1219714504001432
    ],
    [
      -13.836579007998957,
      0.9183261132564026
    ],
    [
      -13.083393362246555,
      0.6536665726790911
    ],
    [
      -12.430270960793152,
      0.5093217153146357
    ],
    [
      -13.834331593968257,
      1.1105400986957603
    ],
    [
      -13.884826059916522,
      1.5713221512782798
    ],
    [
      -14.432874394186303,
      1.4097863234968966
    ],
    [
      -13.507898093257921,
      1.3620219819975161
    ],
    [
      -13.866468451749109,
      1.1213366344395532
    ],
    [
      -13.08931551173853,
      0.878265519953716
    ],
    [
      -13.997518007789658,
      1.1885346096331135
    ],
    [
      10.694459931078796,
      23.967629372224636
    ],
    [
      13.999582696092224,
      26.530512886426607
    ],
    [
      13.511839828736564,
      25.69527651461212
    ],
    [
      -7.438066353094932,
      6.935773746923321
    ],
    [
      -12.871822740550272,
      2.3378861900229944
    ],
    [
      -0.8153892167538718,
      -1.735993014971409
    ],
    [
      -0.6611454552409737,
      -1.868703133053754
    ],
    [
      1.4199662420805161,
      -2.0221989779591505
    ],
    [
      -10.801468862339874,
      0.18899088067390105
    ],
    [
      -13.225272518622196,
      0.8334780814626586
    ],
    [
      -13.340823007695274,
      1.3317982787872424
    ],
    [
      -13.767521706075234,
      1.1904023686332932
    ],
    [
      -13.474371803813629,
      1.1535940709990384
    ],
    [
      -13.832044275165623,
      1.0895619328273183
    ],
    [
      -13.12796289996655,
      0.7571973550444876
    ],
    [
      -13.731197906461093,
      0.9197919705973071
    ],
    [
      0.7825145236646389,
      -10.108500483460599
    ],
    [
      1.4935630591232756,
      -10.67197572666477
    ],
    [
      2.644171385524954,
      -10.70852821682059
    ],
    [
      -11.362341768406637,
      -0.8978458437869131
    ],
    [
      -13.532886762771165,
      0.7312036808399168
    ],
    [
      -14.143224726844872,
      0.7085739288940269
    ],
    [
      -13.63194855241526,
      0.873748876642948
    ],
    [
      -12.732426117555443,
      0.8481719216687676
    ],
    [
      -14.076424065749602,
      0.8744757048619056
    ],
    [
      -14.228505694949503,
      1.1177098785792148
    ],
    [
      -12.281511183362989,
      -0.060827702886682544
    ],
    [
      -11.809995299234949,
      -0.20436041802629498
    ],
    [
      -10.714484594539877,
      -0.2222291721840492
    ],
    [
      -13.612866156452645,
      1.0233067109354963
    ],
    [
      -13.60356568341137,
      1.290877776886513
    ],
    [
      -13.621779458549508,
      1.191620661591365
    ],
    [
      -13.035209293722927,
      0.9069877015521479
    ],
    [
      -12.957753675418664,
      0.9823582810714961
    ],
    [
      -13.98450834909323,
      0.9679741451575942
    ],
    [
      -12.677064758931271,
      0.4489900815098564
    ],
    [
      -12.078240276552478,
      0.5069673738771187
    ],
    [
      -10.968699623252261,
      0.24730542542680756
    ],
    [
      -12.688599811181307,
      0.7976667764763763
    ],
    [
      -13.985624850659871,
      1.1163479612233693
    ],
    [
      -13.498895433020532,
      0.9391649961784885
    ],
    [
      -13.359190863009996,
      0.5730855678056193
    ],
    [
      -13.530633760932869,
      0.427260845678747
    ],
    [
      -12.516637343822394,
      0.2019511256851666
    ],
    [
      -13.661122767391372,
      0.8488711398976073
    ],
    [
      -13.519728338902064,
      0.772967290610893
    ],
    [
      -13.460437542422843,
      1.4431773765631133
    ],
    [
      -14.05967921205074,
      1.0954859487651163
    ],
    [
      11.259393679099807,
      -33.0010962665183
    ],
    [
      15.143279632811312,
      -36.331591733820396
    ],
    [
      16.10722839164045,
      -36.325147903035315
    ],
    [
      -0.5731449275340583,
      -12.503074201137684
    ],
    [
      -9.069484633170546,
      -2.8731566292963926
    ],
    [
      -13.463926026659614,
      0.6897502379105412
    ],
    [
      -13.413557065713528,
      0.4023927456559333
    ],
    [
      -1.6288953102374837,
      -6.210659537733694
    ],
    [
      5.536051566554832,
      -6.100377796848885
    ],
    [
      22.85920488726723,
      -1.5479190209573301
    ],
    [
      -9.523470335816091,
      0.6700469154537825
    ],
    [
      -12.189093521376485,
      0.6822281131795157
    ],
    [
      -10.668984250815367,
      -1.7068565286716713
    ],
    [
      -11.346194586576434,
      -1.638942860499709
    ],
    [
      -10.540413784996,
      -1.715280795736262
    ],
    [
      -13.43739954111791,
      0.3339418978145528
    ],
    [
      -13.048274796196791,
