{
  "n_components": 2,
  "explained_variance_ratio_before": [
    0.5044739488794675,
    0.14365254609439032
  ],
  "explained_variance_ratio_after": [
    0.5044739488794675,
    0.14365254609439032
  ],
  "explained_variance_total_before": 0.6481264949738579,
  "explained_variance_total_after": 0.6481264949738579,
  "color_by": "group_label",
  "placeholder_after_used": true
}